{"行業": "通信服務", "時富雷達 (CR)": 4.52, "基本分析比重": 0.75, "技術分析比重": 0.25, "基本分析分數": 4.24, "技術分析分數": 6.71, "銷售額增長标准分数": -0.51439, "債務股本比例标准分数": 0.8375, "淨收入改善标准分数": -0.45123, "資本回報标准分数": "-1.647315201", "保留盈餘增長标准分数": -2.03785, "基因分析標準分數": 4.23734, "調整後移動平均線标准分数 (5日)": 3.56679, "相對強弱指數标准分数": 8.77626, "布林线指數标准分数": "7.783266248", "技術分析標準分數": 6.70877, "相對強弱指數 (9日)": 42.44747, "布林线 (上線) (20日)": 10.27279, "布林线 (下線) (20日)": 9.29086, "波幅指數 (10日)": 23.69237, "移動平均線 (5日)": 9.67493}