{"行業": "通信服務", "時富雷達 (CR)": 9.37, "基本分析比重": 0.75, "技術分析比重": 0.6, "基本分析分數": 6.14, "技術分析分數": 9.94, "銷售額增長标准分数": 2.70428, "債務股本比例标准分数": 5.0, "淨收入改善标准分数": 3.09334, "資本回報标准分数": 5.0, "保留盈餘增長标准分数": 2.34944, "基因分析標準分數": 6.14471, "調整後移動平均線标准分数 (5日)": 5.20499, "相對強弱指數标准分数": 10.0, "布林线指數标准分数": 5.75189, "技術分析標準分數": 9.94328, "相對強弱指數 (9日)": 85.6633, "布林线 (上線) (20日)": 402.767, "布林线 (下線) (20日)": 318.373, "波幅指數 (10日)": 81.346, "移動平均線 (5日)": 110.04202, "個股代號": "1 HK", "個股代號／公司名字": "1 HK/ 長和", "布蘭標準差分數": 9.94012, "移動平均線 (10日)": 385.88}