{"行業": "通信服務", "時富雷達 (CR)": 7.97, "基本分析比重": 0.75, "技術分析比重": 0.6, "基本分析分數": 6.14, "技術分析分數": 8.67, "銷售額增長标准分数": 2.70428, "債務股本比例标准分数": 5.0, "淨收入改善标准分数": 3.09334, "資本回報标准分数": 5.0, "保留盈餘增長标准分数": 2.34944, "基因分析標準分數": 6.14471, "調整後移動平均線标准分数 (5日)": 10.0, "相對強弱指數标准分数": 9.6495, "布林线指數标准分数": 6.98268, "技術分析標準分數": 8.67135, "相對強弱指數 (9日)": 86.4871, "布林线 (上線) (20日)": 402.708, "布林线 (下線) (20日)": 331.492, "波幅指數 (10日)": 84.259, "移動平均線 (5日)": 104.86116, "個股代號": "1 HK", "個股代號／公司名字": "1 HK/ 長和", "布蘭標準差分數": 7.69319, "移動平均線 (10日)": 366.68}