{"行業": "互動媒體與服務", "時富雷達 (CR)": 3.96, "基本分析比重": 0.657, "技術分析比重": 0.34299999999999997, "基本分析分數": 4.46, "技術分析分數": 5.06, "銷售額增長标准分数": -0.79656, "債務股本比例标准分数": -0.47146, "淨收入改善标准分数": 0.94231, "資本回報标准分数": "-0.9322805849", "保留盈餘增長标准分数": -1.45043, "基因分析標準分數": 4.45832, "調整後移動平均線标准分数 (5日)": 8.13391, "相對強弱指數标准分数": 6.11488, "布林线指數标准分数": "0.9310054211", "技術分析標準分數": 5.05993, "相對強弱指數 (9日)": 47.77023, "布林线 (上線) (20日)": 80.06714, "布林线 (下線) (20日)": 73.74814, "波幅指數 (10日)": 28.97009, "移動平均線 (5日)": 76.48988}