{"行業": "互動媒體與服務", "時富雷達 (CR)": 7.97, "基本分析比重": 0.6629999999999999, "技術分析比重": 0.337, "基本分析分數": 5.42, "技術分析分數": 8.04, "銷售額增長标准分数": 0.71018, "債務股本比例标准分数": 0.18542, "淨收入改善标准分数": 2.49114, "資本回報标准分数": 0.31789, "保留盈餘增長标准分数": -1.62911, "基因分析標準分數": 5.4151, "調整後移動平均線标准分数 (5日)": 8.03944, "相對強弱指數标准分数": 9.09697, "布林线指數标准分数": 6.98268, "技術分析標準分數": 8.0397, "相對強弱指數 (9日)": 41.80607, "布林线 (上線) (20日)": 114.44272, "布林线 (下線) (20日)": 101.68567, "波幅指數 (10日)": 28.74944, "移動平均線 (5日)": 104.86116}