{"行業": "互動媒體與服務", "時富雷達 (CR)": 6.3, "基本分析比重": 0.679, "技術分析比重": 0.321, "基本分析分數": 5.42, "技術分析分數": 5.47, "銷售額增長标准分数": 0.71018, "債務股本比例标准分数": 0.18542, "淨收入改善标准分数": 2.49114, "資本回報标准分数": 0.31789, "保留盈餘增長标准分数": -1.62911, "基因分析標準分數": 5.4151, "調整後移動平均線标准分数 (5日)": 3.60858, "相對強弱指數标准分数": 7.26526, "布林线指數标准分数": 5.53749, "技術分析標準分數": 5.47044, "相對強弱指數 (9日)": 45.46948, "布林线 (上線) (20日)": 113.99526, "布林线 (下線) (20日)": 103.53816, "波幅指數 (10日)": 28.0317, "移動平均線 (5日)": 110.04202}