{"行業": "通信服務", "時富雷達 (CR)": 3.49, "基本分析比重": 0.75, "技術分析比重": 0.25, "基本分析分數": 4.42, "技術分析分數": 4.66, "銷售額增長标准分数": -0.45502, "債務股本比例标准分数": 0.83571, "淨收入改善标准分数": -0.45831, "資本回報标准分数": -1.07676, "保留盈餘增長标准分数": -1.72517, "基因分析標準分數": 4.42409, "調整後移動平均線标准分数 (5日)": 10.0, "相對強弱指數标准分数": 1.03202, "布林线指數标准分数": 2.9444, "技術分析標準分數": 4.6588, "相對強弱指數 (9日)": 57.93597, "布林线 (上線) (20日)": 9.99615, "布林线 (下線) (20日)": 9.15701, "波幅指數 (10日)": 24.13624, "移動平均線 (5日)": 9.62121}