{"行業": "通信服務", "時富雷達 (CR)": 4.19, "基本分析比重": 0.75, "技術分析比重": 0.25, "基本分析分數": 4.34, "技術分析分數": 5.97, "銷售額增長标准分数": -0.54874, "債務股本比例标准分数": 0.83353, "淨收入改善标准分数": -0.46143, "資本回報标准分数": -1.07929, "保留盈餘增長标准分数": -2.05646, "基因分析標準分數": 4.33752, "調整後移動平均線标准分数 (5日)": 5.20499, "相對強弱指數标准分数": 6.94057, "布林线指數标准分数": 5.75189, "技術分析標準分數": 5.96582, "相對強弱指數 (9日)": 46.11885, "布林线 (上線) (20日)": 10.02264, "布林线 (下線) (20日)": 9.1785, "波幅指數 (10日)": 23.38359, "移動平均線 (5日)": 9.51364}