{"行業": "通信服務", "時富雷達 (CR)": 5.61, "基本分析比重": 0.733, "技術分析比重": 0.267, "基本分析分數": 4.74, "技術分析分數": 6.41, "銷售額增長标准分数": -0.61502, "債務股本比例标准分数": 0.40263, "淨收入改善标准分数": 0.45651, "資本回報标准分数": "-0.3906833317", "保留盈餘增長标准分数": -1.14096, "基因分析標準分數": 4.74249, "調整後移動平均線标准分数 (5日)": 5.63077, "相對強弱指數标准分数": 8.72696, "布林线指數标准分数": "4.861794858", "技術分析標準分數": 6.40651, "相對強弱指數 (9日)": 42.54609, "布林线 (上線) (20日)": 13.95933, "布林线 (下線) (20日)": 12.098, "波幅指數 (10日)": 25.73438, "移動平均線 (5日)": 12.95558}